Image,Label
575.jpg,LA
422.jpg,AP
477.jpg,AP
564.jpg,LA
547.jpg,LA
546.jpg,LA
499.jpg,AP
451.jpg,AP
417.jpg,AP
578.jpg,LA
438.jpg,AP
552.jpg,LA
492.jpg,AP
535.jpg,LA
507.jpg,LA
467.jpg,AP
586.jpg,LA
479.jpg,AP
423.jpg,AP
508.jpg,LA
481.jpg,AP
517.jpg,LA
420.jpg,AP
497.jpg,AP
478.jpg,AP
553.jpg,LA
416.jpg,AP
519.jpg,LA
532.jpg,LA
529.jpg,LA
409.jpg,AP
524.jpg,LA
484.jpg,AP
462.jpg,AP
400.jpg,AP
404.jpg,AP
543.jpg,LA
460.jpg,AP
585.jpg,LA
473.jpg,AP
487.jpg,AP
536.jpg,LA
403.jpg,AP
454.jpg,AP
558.jpg,LA
599.jpg,LA
500.jpg,LA
452.jpg,AP
437.jpg,AP
596.jpg,LA
518.jpg,LA
418.jpg,AP
502.jpg,LA
411.jpg,AP
591.jpg,LA
474.jpg,AP
429.jpg,AP
556.jpg,LA
463.jpg,AP
461.jpg,AP
570.jpg,LA
468.jpg,AP
548.jpg,LA
445.jpg,AP
526.jpg,LA
549.jpg,LA
520.jpg,LA
408.jpg,AP
488.jpg,AP
424.jpg,AP
582.jpg,LA
464.jpg,AP
550.jpg,LA
440.jpg,AP
571.jpg,LA
431.jpg,AP
476.jpg,AP
419.jpg,AP
533.jpg,LA
455.jpg,AP
434.jpg,AP
509.jpg,LA
595.jpg,LA
402.jpg,AP
425.jpg,AP
515.jpg,LA
496.jpg,AP
475.jpg,AP
472.jpg,AP
450.jpg,AP
589.jpg,LA
414.jpg,AP
560.jpg,LA
513.jpg,LA
433.jpg,AP
407.jpg,AP
523.jpg,LA
491.jpg,AP
410.jpg,AP
563.jpg,LA
510.jpg,LA
559.jpg,LA
587.jpg,LA
592.jpg,LA
561.jpg,LA
436.jpg,AP
471.jpg,AP
489.jpg,AP
516.jpg,LA
544.jpg,LA
483.jpg,AP
470.jpg,AP
555.jpg,LA
514.jpg,LA
458.jpg,AP
577.jpg,LA
579.jpg,LA
580.jpg,LA
426.jpg,AP
594.jpg,LA
405.jpg,AP
537.jpg,LA
576.jpg,LA
531.jpg,LA
530.jpg,LA
480.jpg,AP
441.jpg,AP
503.jpg,LA
565.jpg,LA
539.jpg,LA
501.jpg,LA
567.jpg,LA
521.jpg,LA
597.jpg,LA
572.jpg,LA
465.jpg,AP
494.jpg,AP
573.jpg,LA
506.jpg,LA
566.jpg,LA
449.jpg,AP
406.jpg,AP
598.jpg,LA
522.jpg,LA
435.jpg,AP
557.jpg,LA
447.jpg,AP
505.jpg,LA
448.jpg,AP
485.jpg,AP
495.jpg,AP
542.jpg,LA
446.jpg,AP
430.jpg,AP
538.jpg,LA
545.jpg,LA
432.jpg,AP
541.jpg,LA
457.jpg,AP
439.jpg,AP
512.jpg,LA
444.jpg,AP
568.jpg,LA
569.jpg,LA
525.jpg,LA
401.jpg,AP
427.jpg,AP
527.jpg,LA
504.jpg,LA
540.jpg,LA
584.jpg,LA
421.jpg,AP
493.jpg,AP
442.jpg,AP
581.jpg,LA
554.jpg,LA
456.jpg,AP
562.jpg,LA
443.jpg,AP
574.jpg,LA
459.jpg,AP
590.jpg,LA
482.jpg,AP
490.jpg,AP
413.jpg,AP
466.jpg,AP
428.jpg,AP
528.jpg,LA
486.jpg,AP
453.jpg,AP
511.jpg,LA
469.jpg,AP
534.jpg,LA
593.jpg,LA
583.jpg,LA
551.jpg,LA
588.jpg,LA
415.jpg,AP
498.jpg,AP
412.jpg,AP
